step,losses/eval.bodypart_heatmap,losses/eval.bodypart_locref,losses/eval.bodypart_total_loss,losses/eval.total_loss,losses/train.bodypart_heatmap,losses/train.bodypart_locref,losses/train.bodypart_total_loss,losses/train.total_loss,metrics/test.mAP,metrics/test.mAR,metrics/test.rmse,metrics/test.rmse_pcutoff
1,,,,,0.0030897462274879217,0.5293980836868286,0.014779826626181602,0.014779826626181602,,,,
2,,,,,0.0013543720124289393,0.32580679655075073,0.008822356350719929,0.008822356350719929,,,,
3,,,,,0.001063948730006814,0.2115490436553955,0.005820700898766518,0.005820700898766518,,,,
4,,,,,0.0007752744131721556,0.1624213308095932,0.0044481707736849785,0.0044481707736849785,,,,
5,,,,,0.0006807330646552145,0.1488233059644699,0.004060949664562941,0.004060949664562941,,,,
6,,,,,0.0006277657230384648,0.13466066122055054,0.003680399153381586,0.003680399153381586,,,,
7,,,,,0.0005458244704641402,0.11272747814655304,0.0030910985078662634,0.0030910985078662634,,,,
8,,,,,0.000493082741741091,0.10279510915279388,0.0028164193499833345,0.0028164193499833345,,,,
9,,,,,0.0004809970851056278,0.09767363220453262,0.0026823391672223806,0.0026823391672223806,,,,
10,0.00034438748843967915,0.10326399654150009,0.0027537934947758913,0.0027537934947758913,0.0004280284629203379,0.09107837826013565,0.0024909733328968287,0.0024909733328968287,89.9009900990099,89.99999999999999,7.398216834435096,4.041961207534328
11,,,,,0.0004554338229354471,0.09729219228029251,0.0026600216515362263,0.0026600216515362263,,,,
12,,,,,0.00042562049929983914,0.08739569038152695,0.0023977025412023067,0.0023977025412023067,,,,
13,,,,,0.0004135715716984123,0.08743035048246384,0.0023925446439534426,0.0023925446439534426,,,,
14,,,,,0.00039620386087335646,0.08438113331794739,0.0023076303768903017,0.0023076303768903017,,,,
15,,,,,0.00037597588379867375,0.08122517168521881,0.0022186175920069218,0.0022186175920069218,,,,
16,,,,,0.00033903250005096197,0.07465846091508865,0.002035977551713586,0.002035977551713586,,,,
17,,,,,0.0003123466740362346,0.06726528704166412,0.001837805612012744,0.001837805612012744,,,,
18,,,,,0.0003036053676623851,0.0654573068022728,0.001788235385902226,0.001788235385902226,,,,
19,,,,,0.0003227205015718937,0.06525413691997528,0.0017927136505022645,0.0017927136505022645,,,,
20,0.0002563778543844819,0.06661497801542282,0.0017935633659362793,0.0017935633659362793,0.000300186948152259,0.06265445053577423,0.0017164548626169562,0.0017164548626169562,96.63366336633663,96.66666666666669,3.741556412134415,3.049969918387277
21,,,,,0.0002960689307656139,0.062044817954301834,0.0016991549637168646,0.0016991549637168646,,,,
22,,,,,0.0002896527003031224,0.06488127261400223,0.0017668583896011114,0.0017668583896011114,,,,
23,,,,,0.00030836759833619,0.06321904808282852,0.001734660123474896,0.001734660123474896,,,,
24,,,,,0.0002765462559182197,0.05945189297199249,0.0016245705774053931,0.0016245705774053931,,,,
25,,,,,0.00027032537036575377,0.061272021383047104,0.0016669631004333496,0.0016669631004333496,,,,
26,,,,,0.00026845201500691473,0.06143592298030853,0.0016701240092515945,0.0016701240092515945,,,,
27,,,,,0.00030630885157734156,0.0667966976761818,0.001823072205297649,0.001823072205297649,,,,
28,,,,,0.0002940496488008648,0.062007322907447815,0.001697207917459309,0.001697207917459309,,,,
29,,,,,0.0002763734373729676,0.05788230523467064,0.00158524455036968,0.00158524455036968,,,,
30,0.00021702070080209523,0.06045011803507805,0.0016197633231058717,0.0016197633231058717,0.00026262569008395076,0.05248420313000679,0.0014434180920943618,0.0014434180920943618,96.63366336633663,96.66666666666669,3.1561607947716346,2.518131891886393
31,,,,,0.0002479653630871326,0.051207948476076126,0.0014041813556104898,0.0014041813556104898,,,,
32,,,,,0.0002488944446668029,0.05321543291211128,0.0014548328472301364,0.0014548328472301364,,,,
33,,,,,0.0002532681683078408,0.05609331652522087,0.001528967171907425,0.001528967171907425,,,,
34,,,,,0.0002490221813786775,0.052546825259923935,0.0014381816145032644,0.0014381816145032644,,,,
35,,,,,0.00023220434377435595,0.046909499913454056,0.0012888394994661212,0.0012888394994661212,,,,
36,,,,,0.00022417579020839185,0.04904983937740326,0.0013383339392021298,0.0013383339392021298,,,,
37,,,,,0.00022616848582401872,0.047856759279966354,0.0013095032190904021,0.0013095032190904021,,,,
38,,,,,0.0002280181652167812,0.05051320418715477,0.0013768392382189631,0.0013768392382189631,,,,
39,,,,,0.00023424639948643744,0.0488760732114315,0.0013390250969678164,0.0013390250969678164,,,,
40,0.00019927253015339375,0.05717324838042259,0.0015289675211533904,0.0015289675211533904,0.00022392884420696646,0.04936020076274872,0.001345969270914793,0.001345969270914793,94.95049504950495,95.0,5.559999123597756,5.213801215676701
41,,,,,0.00022568876738660038,0.04546542838215828,0.0012494802940636873,0.0012494802940636873,,,,
42,,,,,0.0002192017564084381,0.045254264026880264,0.0012409572955220938,0.0012409572955220938,,,,
43,,,,,0.00020251041860319674,0.043516021221876144,0.001189155736938119,0.001189155736938119,,,,
44,,,,,0.000206578362849541,0.045218076556921005,0.0012337412917986512,0.0012337412917986512,,,,
45,,,,,0.00020397260959725827,0.04598420113325119,0.001251591369509697,0.001251591369509697,,,,
46,,,,,0.00021103397011756897,0.04811368137598038,0.001308359089307487,0.001308359089307487,,,,
47,,,,,0.0002143232268281281,0.04708073288202286,0.0012841799762099981,0.0012841799762099981,,,,
48,,,,,0.0001899994967970997,0.043379683047533035,0.0011794917518272996,0.0011794917518272996,,,,
49,,,,,0.00020545339793898165,0.045055072754621506,0.0012291035382077098,0.0012291035382077098,,,,
50,0.0001796751021174714,0.05870826169848442,0.001557543990202248,0.001557543990202248,0.00021551088138949126,0.04684318229556084,0.00127883511595428,0.00127883511595428,96.63366336633663,96.66666666666669,3.469895974183694,2.92807707915435
51,,,,,0.0001918235357152298,0.04018672928214073,0.0011005799751728773,0.0011005799751728773,,,,
52,,,,,0.00018417956016492099,0.03957628086209297,0.0010814968263730407,0.0010814968263730407,,,,
53,,,,,0.00016829627566039562,0.03758324310183525,0.001023729215376079,0.001023729215376079,,,,
54,,,,,0.00018256284238304943,0.0408853180706501,0.0011134144151583314,0.0011134144151583314,,,,
55,,,,,0.00018392321362625808,0.04138642176985741,0.0011266223154962063,0.0011266223154962063,,,,
56,,,,,0.00019380840240046382,0.04204115644097328,0.0011479331878945231,0.0011479331878945231,,,,
57,,,,,0.0001843564969021827,0.03854120895266533,0.001055708504281938,0.001055708504281938,,,,
58,,,,,0.00018214102601632476,0.03799751028418541,0.0010410082759335637,0.0010410082759335637,,,,
59,,,,,0.00017176460823975503,0.03700787574052811,0.0010110792936757207,0.0010110792936757207,,,,
60,0.00015987838560249656,0.045297250151634216,0.0012123704655095935,0.0012123704655095935,0.00017244237824343145,0.03706596791744232,0.00101287045981735,0.00101287045981735,100.0,100.0,2.435938712878105,2.3146044413248696
61,,,,,0.00016484274237882346,0.03572575002908707,0.0009755652281455696,0.0009755652281455696,,,,
62,,,,,0.00016438588500022888,0.03265099227428436,0.0008984676678664982,0.0008984676678664982,,,,
63,,,,,0.00015650074055884033,0.03438471630215645,0.0009378682007081807,0.0009378682007081807,,,,
64,,,,,0.00016612187027931213,0.032613836228847504,0.0008984069572761655,0.0008984069572761655,,,,
65,,,,,0.00016125872207339853,0.03748251497745514,0.001017692149616778,0.001017692149616778,,,,
66,,,,,0.000156865717144683,0.033666860312223434,0.0009201044449582696,0.0009201044449582696,,,,
67,,,,,0.00015575718134641647,0.035235174000263214,0.0009587579988874495,0.0009587579988874495,,,,
68,,,,,0.00017329513502772897,0.037097517400979996,0.0010140854865312576,0.0010140854865312576,,,,
69,,,,,0.00016772346862126142,0.0354621484875679,0.0009704155963845551,0.0009704155963845551,,,,
70,0.00016145694826263934,0.05223101004958153,0.0013865036889910698,0.0013865036889910698,0.00015667633851990104,0.03362293913960457,0.0009189117117784917,0.0009189117117784917,94.95049504950495,95.00000000000001,4.06117444160657,2.485884993043664
71,,,,,0.00016707634495105594,0.03545510768890381,0.0009699158254079521,0.0009699158254079521,,,,
72,,,,,0.00014768615073990077,0.031312353909015656,0.0008566518663428724,0.0008566518663428724,,,,
73,,,,,0.0001400649343850091,0.028485765680670738,0.0007821766776032746,0.0007821766776032746,,,,
74,,,,,0.000131147462525405,0.028726721182465553,0.0007837417651899159,0.0007837417651899159,,,,
75,,,,,0.00013970384316053241,0.02954946644604206,0.0008085885201580822,0.0008085885201580822,,,,
76,,,,,0.00013845817011315376,0.031120797619223595,0.0008472491172142327,0.0008472491172142327,,,,
77,,,,,0.00014776184980291873,0.03366207703948021,0.0009154329309239984,0.0009154329309239984,,,,
78,,,,,0.00016346180927939713,0.03616192191839218,0.0009857789846137166,0.0009857789846137166,,,,
79,,,,,0.00015495192201342434,0.034600742161273956,0.0009424944873899221,0.0009424944873899221,,,,
80,0.00016111548757180572,0.05463956668972969,0.0014465469866991043,0.0014465469866991043,0.0001584202836966142,0.036610085517168045,0.0009944622870534658,0.0009944622870534658,96.63366336633663,96.66666666666669,3.8493276742788463,2.819862789577908
81,,,,,0.00015438768605235964,0.036480631679296494,0.0009892096277326345,0.0009892096277326345,,,,
82,,,,,0.00014980022388044745,0.03250494226813316,0.0008875237544998527,0.0008875237544998527,,,,
83,,,,,0.00014999946870375425,0.03550242260098457,0.0009625602979212999,0.0009625602979212999,,,,
84,,,,,0.0001365823991363868,0.03149984031915665,0.000855787075124681,0.000855787075124681,,,,
85,,,,,0.00014107971219345927,0.03206773102283478,0.000872233125846833,0.000872233125846833,,,,
86,,,,,0.0001318731956416741,0.027670903131365776,0.0007577090873382986,0.0007577090873382986,,,,
87,,,,,0.00013713566295336932,0.032560594379901886,0.0008825827389955521,0.0008825827389955521,,,,
88,,,,,0.00014071987243369222,0.032543957233428955,0.0008839589427225292,0.0008839589427225292,,,,
89,,,,,0.0001301230222452432,0.027549374848604202,0.000753795902710408,0.000753795902710408,,,,
90,0.00014953466597944498,0.05003126338124275,0.0013255489757284522,0.0013255489757284522,0.00013035752635914832,0.027565935626626015,0.0007543271640315652,0.0007543271640315652,98.31683168316832,98.33333333333334,2.6463581965519833,2.57257925497519
91,,,,,0.00010942004155367613,0.024510884657502174,0.0006674820906482637,0.0006674820906482637,,,,
92,,,,,0.00010027422104030848,0.020750584080815315,0.000568901770748198,0.000568901770748198,,,,
93,,,,,9.836060053203255e-05,0.02193877287209034,0.0005976496613584459,0.0005976496613584459,,,,
94,,,,,9.460745786782354e-05,0.019178999587893486,0.0005267787491902709,0.0005267787491902709,,,,
95,,,,,0.00010041198402177542,0.02061808481812477,0.0005656581488437951,0.0005656581488437951,,,,
96,,,,,0.00010094002209370956,0.02067936211824417,0.0005674540298059583,0.0005674540298059583,,,,
97,,,,,9.170088014798239e-05,0.01928144320845604,0.000527886557392776,0.000527886557392776,,,,
98,,,,,0.00010413655400043353,0.02270883321762085,0.0006197891780175269,0.0006197891780175269,,,,
99,,,,,9.237758786184713e-05,0.018018154427409172,0.0004966426058672369,0.0004966426058672369,,,,
100,0.00011912894115084782,0.043132588267326355,0.0011378792114555836,0.0011378792114555836,9.512756514595821e-05,0.018975937739014626,0.0005219622398726642,0.0005219622398726642,96.63366336633663,96.66666666666669,3.379054534129607,2.3670448811848956
101,,,,,9.410620987182483e-05,0.018531102687120438,0.000510330602992326,0.000510330602992326,,,,
102,,,,,9.514656267128885e-05,0.0198917668312788,0.0005448674783110619,0.0005448674783110619,,,,
103,,,,,9.733861224958673e-05,0.020428992807865143,0.0005593941896222532,0.0005593941896222532,,,,
104,,,,,9.710376616567373e-05,0.020922023802995682,0.0005716024315916002,0.0005716024315916002,,,,
105,,,,,9.334436617791653e-05,0.018773512914776802,0.000516009924467653,0.000516009924467653,,,,
106,,,,,9.203769150190055e-05,0.01813078485429287,0.0004992884933017194,0.0004992884933017194,,,,
107,,,,,9.31417744141072e-05,0.018148506060242653,0.0005002835532650352,0.0005002835532650352,,,,
108,,,,,9.032885282067582e-05,0.017526600509881973,0.0004833294660784304,0.0004833294660784304,,,,
109,,,,,8.754290320212021e-05,0.01760885678231716,0.00048399288789369166,0.00048399288789369166,,,,
110,0.00011916513903997838,0.04242695868015289,0.0011202566092833877,0.0011202566092833877,8.642917964607477e-05,0.016623934730887413,0.00045881292317062616,0.00045881292317062616,96.63366336633663,96.66666666666669,3.352569188827123,2.3354290771484374
111,,,,,8.435214112978429e-05,0.01768765039741993,0.00048436730867251754,0.00048436730867251754,,,,
112,,,,,8.942074055084959e-05,0.01725391298532486,0.000476058223284781,0.000476058223284781,,,,
113,,,,,8.581469592172652e-05,0.017621008679270744,0.0004834325809497386,0.0004834325809497386,,,,
114,,,,,8.807010453892872e-05,0.015962744131684303,0.0004431036941241473,0.0004431036941241473,,,,
115,,,,,9.511107782600448e-05,0.01932469755411148,0.0005306730163283646,0.0005306730163283646,,,,
116,,,,,9.457980195293203e-05,0.020428121089935303,0.0005579928401857615,0.0005579928401857615,,,,
117,,,,,9.212818258674815e-05,0.01930183358490467,0.0005286099039949477,0.0005286099039949477,,,,
118,,,,,8.702495688339695e-05,0.017212670296430588,0.00047382930642925203,0.00047382930642925203,,,,
119,,,,,8.851500751916319e-05,0.017729971557855606,0.00048750682617537677,0.00048750682617537677,,,,
120,0.00011963449651375413,0.043424367904663086,0.0011454265331849456,0.0011454265331849456,8.722634811419994e-05,0.01749015785753727,0.00048086713650263846,0.00048086713650263846,96.63366336633663,96.66666666666669,3.4334572034004407,2.4003470865885417
121,,,,,8.244165655924007e-05,0.015935417264699936,0.00043960625771433115,0.00043960625771433115,,,,
122,,,,,9.078566654352471e-05,0.01865576021373272,0.0005117869004607201,0.0005117869004607201,,,,
123,,,,,8.566717588109896e-05,0.016152627766132355,0.0004466492682695389,0.0004466492682695389,,,,
124,,,,,8.868772420100868e-05,0.017599960789084435,0.0004843428614549339,0.0004843428614549339,,,,
125,,,,,8.454757335130125e-05,0.015551016665995121,0.0004310492076911032,0.0004310492076911032,,,,
126,,,,,7.931832078611478e-05,0.01483635138720274,0.00041056793997995555,0.00041056793997995555,,,,
127,,,,,8.217541471822187e-05,0.015606021508574486,0.0004312383243814111,0.0004312383243814111,,,,
128,,,,,7.846857624826953e-05,0.014897012151777744,0.00041165953734889627,0.00041165953734889627,,,,
129,,,,,7.90599879110232e-05,0.014670535922050476,0.0004062934604007751,0.0004062934604007751,,,,
130,0.00011766303941840306,0.041824325919151306,0.0011044397251680493,0.0011044397251680493,8.224053453886881e-05,0.016518497839570045,0.00045408279402181506,0.00045408279402181506,96.63366336633663,96.66666666666669,3.3465658334585338,2.3149344889322916
131,,,,,8.703038474777713e-05,0.016968876123428345,0.00046773708891123533,0.00046773708891123533,,,,
132,,,,,8.140727004501969e-05,0.016428550705313683,0.00045141743612475693,0.00045141743612475693,,,,
133,,,,,8.491914923069999e-05,0.016786079853773117,0.00046211163862608373,0.00046211163862608373,,,,
134,,,,,8.092328789643943e-05,0.016304921358823776,0.00044808469829149544,0.00044808469829149544,,,,
135,,,,,8.120256825350225e-05,0.015312437899410725,0.0004234122752677649,0.0004234122752677649,,,,
136,,,,,8.672545664012432e-05,0.017915939912199974,0.0004912612494081259,0.0004912612494081259,,,,
137,,,,,8.004737901501358e-05,0.015368261374533176,0.0004242302675265819,0.0004242302675265819,,,,
138,,,,,7.989204459590837e-05,0.014774641953408718,0.0004093121096957475,0.0004093121096957475,,,,
139,,,,,8.311073179356754e-05,0.015938404947519302,0.0004400154575705528,0.0004400154575705528,,,,
140,0.00011758640903281048,0.04157822206616402,0.001098248758353293,0.001098248758353293,8.142920705722645e-05,0.015051121823489666,0.00041699278517626226,0.00041699278517626226,96.63366336633663,96.66666666666669,3.2963190323267226,2.2822275797526044
141,,,,,7.926078251330182e-05,0.014694808050990105,0.0004070006252732128,0.0004070006252732128,,,,
142,,,,,8.431021706201136e-05,0.01689765229821205,0.00046459640725515783,0.00046459640725515783,,,,
143,,,,,8.11863865237683e-05,0.01419907622039318,0.00039557009586133063,0.00039557009586133063,,,,
144,,,,,8.625063492218032e-05,0.017125718295574188,0.00047126825666055083,0.00047126825666055083,,,,
145,,,,,7.676234963582829e-05,0.0151424715295434,0.00041694301762618124,0.00041694301762618124,,,,
146,,,,,7.435953739332035e-05,0.01310062874108553,0.00036469553015194833,0.00036469553015194833,,,,
147,,,,,7.797247235430405e-05,0.012009079568088055,0.0003392132348380983,0.0003392132348380983,,,,
148,,,,,8.099433762254193e-05,0.0164630189538002,0.00045207273797132075,0.00045207273797132075,,,,
149,,,,,8.23014197521843e-05,0.015442640520632267,0.00042721666977740824,0.00042721666977740824,,,,
150,0.00011537892714841291,0.04034075513482094,0.0010662084678187966,0.0010662084678187966,8.217179129133001e-05,0.014969777315855026,0.0004153303452767432,0.0004153303452767432,96.63366336633663,96.66666666666669,3.295048249073518,2.2815399169921875
151,,,,,8.213035471271724e-05,0.016594598069787025,0.0004559301887638867,0.0004559301887638867,,,,
152,,,,,8.614501712145284e-05,0.016665708273649216,0.0004597152001224458,0.0004597152001224458,,,,
153,,,,,8.124186570057645e-05,0.01597713492810726,0.000440049305325374,0.000440049305325374,,,,
154,,,,,7.480913336621597e-05,0.013991671614348888,0.0003871963417623192,0.0003871963417623192,,,,
155,,,,,7.76612723711878e-05,0.013626591302454472,0.00037949541001580656,0.00037949541001580656,,,,
156,,,,,8.333528967341408e-05,0.015362533740699291,0.0004257309774402529,0.0004257309774402529,,,,
157,,,,,8.012701437110081e-05,0.015765653923153877,0.00043420493602752686,0.00043420493602752686,,,,
158,,,,,8.309423719765618e-05,0.016162004321813583,0.0004455971939023584,0.0004455971939023584,,,,
159,,,,,8.093516225926578e-05,0.015466592274606228,0.00042713238508440554,0.00042713238508440554,,,,
160,0.000115326234663371,0.0406423956155777,0.0010737229604274035,0.0010737229604274035,8.01795904408209e-05,0.0152497673407197,0.00042133391252718866,0.00042133391252718866,96.63366336633663,96.66666666666669,3.2577207516401243,2.243499552408854
161,,,,,8.202543540392071e-05,0.015821147710084915,0.00043654144974425435,0.00043654144974425435,,,,
162,,,,,8.141298167174682e-05,0.015085401013493538,0.00041784156928770244,0.00041784156928770244,,,,
163,,,,,8.352837903657928e-05,0.014020252972841263,0.0003922706237062812,0.0003922706237062812,,,,
164,,,,,7.581700629089028e-05,0.013979600742459297,0.0003873984969686717,0.0003873984969686717,,,,
165,,,,,8.221233292715624e-05,0.014605434611439705,0.0004062420630361885,0.0004062420630361885,,,,
166,,,,,8.111645729513839e-05,0.015575209632515907,0.00042993848910555243,0.00042993848910555243,,,,
167,,,,,9.177406172966585e-05,0.018577324226498604,0.0005103201256133616,0.0005103201256133616,,,,
168,,,,,7.899187767179683e-05,0.014295783825218678,0.00039689053664915264,0.00039689053664915264,,,,
169,,,,,7.685024320380762e-05,0.014077326282858849,0.0003903582692146301,0.0003903582692146301,,,,
170,0.00011471776088001207,0.04084243252873421,0.0010784197365865111,0.0010784197365865111,8.195875852834433e-05,0.016489824280142784,0.0004532249877229333,0.0004532249877229333,96.63366336633663,96.66666666666669,3.2808018219776645,2.266263631184896
171,,,,,7.863649807404727e-05,0.01483149453997612,0.0004101055965293199,0.0004101055965293199,,,,
172,,,,,7.912752334959805e-05,0.014936298131942749,0.00041297124698758125,0.00041297124698758125,,,,
173,,,,,8.20156856207177e-05,0.01656276173889637,0.0004550768935587257,0.0004550768935587257,,,,
174,,,,,7.887355604907498e-05,0.014724597334861755,0.00040755170630291104,0.00040755170630291104,,,,
175,,,,,8.35237733554095e-05,0.015640994533896446,0.0004327867063693702,0.0004327867063693702,,,,
176,,,,,7.938125054351985e-05,0.014530260115861893,0.00040294710197485983,0.00040294710197485983,,,,
177,,,,,7.315327820833772e-05,0.012711718678474426,0.00035436960752122104,0.00035436960752122104,,,,
178,,,,,7.591234316350892e-05,0.01390877179801464,0.0003856755211018026,0.0003856755211018026,,,,
179,,,,,7.769847434246913e-05,0.015365754254162312,0.00042299312190152705,0.00042299312190152705,,,,
180,0.00011641981109278277,0.041724205017089844,0.0011013149050995708,0.0011013149050995708,8.046079165069386e-05,0.015889640897512436,0.0004374714335426688,0.0004374714335426688,96.63366336633663,96.66666666666669,3.3187717535556893,2.300802001953125
181,,,,,7.27000369806774e-05,0.014159257523715496,0.00039033140637911856,0.00039033140637911856,,,,
182,,,,,7.935953181004152e-05,0.015887033194303513,0.00043685559649020433,0.00043685559649020433,,,,
183,,,,,8.614085527369753e-05,0.016328534111380577,0.0004512838495429605,0.0004512838495429605,,,,
184,,,,,7.965382974362001e-05,0.013700317591428757,0.0003823348379228264,0.0003823348379228264,,,,
185,,,,,7.487015682272613e-05,0.012669376097619534,0.00035416948958300054,0.00035416948958300054,,,,
186,,,,,7.986075797816738e-05,0.014500939287245274,0.00040245376294478774,0.00040245376294478774,,,,
187,,,,,7.662655843887478e-05,0.014692040160298347,0.0004056142643094063,0.0004056142643094063,,,,
188,,,,,8.140612771967426e-05,0.015043722465634346,0.0004167961305938661,0.0004167961305938661,,,,
189,,,,,7.940612704260275e-05,0.014974569901823997,0.0004140673845540732,0.0004140673845540732,,,,
190,0.00011614269897108898,0.04153572395443916,0.0010964645771309733,0.0010964645771309733,7.955566252348945e-05,0.013847099617123604,0.0003859553544316441,0.0003859553544316441,96.63366336633663,96.66666666666669,3.33927252353766,2.321971232096354
191,,,,,8.415782212978229e-05,0.016930049285292625,0.00046533020213246346,0.00046533020213246346,,,,
192,,,,,8.484294085064903e-05,0.01626257225871086,0.0004489857819862664,0.0004489857819862664,,,,
193,,,,,7.920048665255308e-05,0.015339289791882038,0.00042308252886869013,0.00042308252886869013,,,,
194,,,,,7.729348726570606e-05,0.01528144720941782,0.00042068291804753244,0.00042068291804753244,,,,
195,,,,,7.743756577838212e-05,0.014559385366737843,0.0004027034156024456,0.0004027034156024456,,,,
196,,,,,7.768481009406969e-05,0.015134758315980434,0.0004172112967353314,0.0004172112967353314,,,,
197,,,,,7.628505409229547e-05,0.01263022143393755,0.00035389800905250013,0.00035389800905250013,,,,
198,,,,,7.716108666500077e-05,0.014374474994838238,0.00039794243639335036,0.00039794243639335036,,,,
199,,,,,7.999338413355872e-05,0.015102474950253963,0.00041755856364034116,0.00041755856364034116,,,,
200,0.0001131942481151782,0.04081501439213753,0.0010769725777208805,0.0010769725777208805,8.26099858386442e-05,0.01601766049861908,0.00044174649519845843,0.00044174649519845843,96.63366336633663,96.66666666666669,3.293966831305088,2.2767962646484374
201,,,,,7.509638817282394e-05,0.013238012790679932,0.0003684985276777297,0.0003684985276777297,,,,
202,,,,,7.983365503605455e-05,0.01707674190402031,0.0004668353940360248,0.0004668353940360248,,,,
203,,,,,7.589076267322525e-05,0.013010319322347641,0.0003632033767644316,0.0003632033767644316,,,,
204,,,,,7.692186773056164e-05,0.015518011525273323,0.00042641122126951814,0.00042641122126951814,,,,
205,,,,,7.633594213984907e-05,0.013814602978527546,0.0003835330717265606,0.0003835330717265606,,,,
206,,,,,7.765713962726295e-05,0.012916668318212032,0.00036174527485854924,0.00036174527485854924,,,,
207,,,,,8.306295785587281e-05,0.014348967000842094,0.00040025569614954293,0.00040025569614954293,,,,
208,,,,,8.189510117517784e-05,0.01738976128399372,0.0004756915441248566,0.0004756915441248566,,,,
209,,,,,8.065037400228903e-05,0.016452353447675705,0.00045163408503867686,0.00045163408503867686,,,,
210,0.00011455041385488585,0.04102664068341255,0.0010829413076862693,0.0010829413076862693,8.447914296993986e-05,0.015681391581892967,0.0004342743777669966,0.0004342743777669966,96.63366336633663,96.66666666666669,3.3279661520933495,2.294450276692708
211,,,,,7.832019764464349e-05,0.01549649890512228,0.0004265726020094007,0.0004265726020094007,,,,
212,,,,,7.662232383154333e-05,0.013291294686496258,0.0003705935669131577,0.0003705935669131577,,,,
213,,,,,7.868604006944224e-05,0.01536530815064907,0.00042347569251433015,0.00042347569251433015,,,,
214,,,,,8.556780085200444e-05,0.01638917066156864,0.00045251313713379204,0.00045251313713379204,,,,
215,,,,,7.804176857462153e-05,0.014814049936830997,0.0004093721217941493,0.0004093721217941493,,,,
216,,,,,7.954110333230346e-05,0.014913078397512436,0.0004125974955968559,0.0004125974955968559,,,,
217,,,,,8.035222708713263e-05,0.01520216092467308,0.0004202301206532866,0.0004202301206532866,,,,
218,,,,,7.70398328313604e-05,0.014442355372011662,0.00039957882836461067,0.00039957882836461067,,,,
219,,,,,7.524434477090836e-05,0.013818459585309029,0.00038308367948047817,0.00038308367948047817,,,,
220,0.00011451017780927941,0.041040971875190735,0.0010832793777808547,0.0010832793777808547,7.735427789157256e-05,0.014091956429183483,0.0003909759980160743,0.0003909759980160743,96.63366336633663,96.66666666666669,3.3181019318409457,2.285367228190104
221,,,,,7.921144424472004e-05,0.014057740569114685,0.0003910492523573339,0.0003910492523573339,,,,
222,,,,,8.176734991138801e-05,0.015712646767497063,0.0004336998681537807,0.0004336998681537807,,,,
223,,,,,7.536933844676241e-05,0.013202582485973835,0.00036774922045879066,0.00036774922045879066,,,,
224,,,,,7.59262838982977e-05,0.013558153994381428,0.00037691701436415315,0.00037691701436415315,,,,
225,,,,,7.61354312999174e-05,0.014053072780370712,0.0003893944958690554,0.0003893944958690554,,,,
226,,,,,7.588926382595673e-05,0.014896470122039318,0.000410356413340196,0.000410356413340196,,,,
227,,,,,7.587703294120729e-05,0.014452415518462658,0.0003992489364463836,0.0003992489364463836,,,,
228,,,,,7.726594049017876e-05,0.015062067657709122,0.00041518465150147676,0.00041518465150147676,,,,
229,,,,,7.056800677673891e-05,0.012500290758907795,0.00034779132693074644,0.00034779132693074644,,,,
230,0.000113135356514249,0.041019365191459656,0.0010820518946275115,0.0010820518946275115,7.37375594326295e-05,0.013984519056975842,0.000386481755413115,0.000386481755413115,96.63366336633663,96.66666666666669,3.315513415214343,2.2789131673177083
231,,,,,7.992434984771535e-05,0.014756535179913044,0.00040887558134272695,0.00040887558134272695,,,,
232,,,,,7.6688636909239e-05,0.014695459045469761,0.0004057307669427246,0.0004057307669427246,,,,
233,,,,,8.072760829236358e-05,0.014996289275586605,0.0004152710025664419,0.0004152710025664419,,,,
234,,,,,7.962112431414425e-05,0.014409729279577732,0.000400053831981495,0.000400053831981495,,,,
235,,,,,7.985470438143238e-05,0.015587016940116882,0.000429602776421234,0.000429602776421234,,,,
236,,,,,7.45159704820253e-05,0.013952146284282207,0.00038606158341281116,0.00038606158341281116,,,,
237,,,,,8.228504884755239e-05,0.015514763072133064,0.0004290115903131664,0.0004290115903131664,,,,
238,,,,,7.225971057778224e-05,0.01304257195442915,0.00036219420144334435,0.00036219420144334435,,,,
239,,,,,7.646406447747722e-05,0.013916176743805408,0.00038613646756857634,0.00038613646756857634,,,,
240,0.00011341818026266992,0.041408464312553406,0.0010919207707047462,0.0010919207707047462,8.169166540028527e-05,0.016585277393460274,0.00045547776971943676,0.00045547776971943676,96.63366336633663,96.66666666666669,3.308240450345553,2.2992645263671876
241,,,,,7.164921407820657e-05,0.012394833378493786,0.0003456954436842352,0.0003456954436842352,,,,
242,,,,,8.301751222461462e-05,0.016617005690932274,0.0004569339216686785,0.0004569339216686785,,,,
243,,,,,8.064581925282255e-05,0.014839917421340942,0.0004113208269700408,0.0004113208269700408,,,,
244,,,,,7.804428605595604e-05,0.013809875585138798,0.00038426907849498093,0.00038426907849498093,,,,
245,,,,,7.72612911532633e-05,0.01542364526540041,0.0004242217110004276,0.0004242217110004276,,,,
246,,,,,7.102719246177003e-05,0.013389320112764835,0.000370246620150283,0.000370246620150283,,,,
247,,,,,7.461688801413402e-05,0.013315627351403236,0.00037019915180280805,0.00037019915180280805,,,,
248,,,,,7.718049891991541e-05,0.014186069369316101,0.00039324196404777467,0.00039324196404777467,,,,
249,,,,,7.822841143934056e-05,0.015483042225241661,0.0004261902649886906,0.0004261902649886906,,,,
250,0.00011410681327106431,0.041112836450338364,0.0010848743841052055,0.0010848743841052055,8.195933332899585e-05,0.01517840102314949,0.00042043966823257506,0.00042043966823257506,96.63366336633663,96.66666666666669,3.323250795022035,2.2885670979817707
251,,,,,7.949514110805467e-05,0.01563720777630806,0.00043067772639915347,0.00043067772639915347,,,,
252,,,,,7.616553921252489e-05,0.0152334775775671,0.0004189196915831417,0.0004189196915831417,,,,
253,,,,,8.480028918711469e-05,0.016253937035799026,0.000448748585768044,0.000448748585768044,,,,
254,,,,,8.02034410298802e-05,0.015754645690321922,0.00043396788532845676,0.00043396788532845676,,,,
255,,,,,7.091727457009256e-05,0.013251041993498802,0.0003667347482405603,0.0003667347482405603,,,,
256,,,,,7.378504960797727e-05,0.01459234394133091,0.0004017011378891766,0.0004017011378891766,,,,
257,,,,,7.905553502496332e-05,0.014737525954842567,0.0004079659120179713,0.0004079659120179713,,,,
258,,,,,7.448136602761224e-05,0.014972376637160778,0.00041155010694637895,0.00041155010694637895,,,,
259,,,,,7.832973642507568e-05,0.014922422356903553,0.00041222540312446654,0.00041222540312446654,,,,
260,0.00011279287718934938,0.0405929833650589,0.0010712210787460208,0.0010712210787460208,7.57494563004002e-05,0.014631414785981178,0.0004036600876133889,0.0004036600876133889,96.63366336633663,96.66666666666669,3.310546483748998,2.2764595540364585
261,,,,,7.632521010236815e-05,0.014029057696461678,0.00038888907874934375,0.00038888907874934375,,,,
262,,,,,7.507849659305066e-05,0.013305947184562683,0.0003701879468280822,0.0003701879468280822,,,,
263,,,,,7.760139851598069e-05,0.015103217214345932,0.000416381168179214,0.000416381168179214,,,,
264,,,,,6.931287498446181e-05,0.011908235028386116,0.00033236233866773546,0.00033236233866773546,,,,
265,,,,,7.85541269578971e-05,0.015481771901249886,0.00042632140684872866,0.00042632140684872866,,,,
266,,,,,7.754137914162129e-05,0.014206861145794392,0.0003939422604162246,0.0003939422604162246,,,,
267,,,,,7.891414861660451e-05,0.015039988793432713,0.00041545683052390814,0.00041545683052390814,,,,
268,,,,,7.522861415054649e-05,0.014056001789867878,0.0003890144289471209,0.0003890144289471209,,,,
269,,,,,7.731215737294406e-05,0.01450375560671091,0.0004012499703094363,0.0004012499703094363,,,,
270,0.0001135978163802065,0.041600652039051056,0.001096815220080316,0.001096815220080316,7.98838518676348e-05,0.01665904000401497,0.00045641791075468063,0.00045641791075468063,96.63366336633663,96.66666666666669,3.3425492506760817,2.3109161376953127
271,,,,,7.67606616136618e-05,0.013845364563167095,0.00038451439468190074,0.00038451439468190074,,,,
272,,,,,7.568603905383497e-05,0.014487013220787048,0.0004000183835159987,0.0004000183835159987,,,,
273,,,,,7.602107507409528e-05,0.014493737369775772,0.0004003540670964867,0.0004003540670964867,,,,
274,,,,,7.449051918229088e-05,0.012929616495966911,0.00036048569018021226,0.00036048569018021226,,,,
275,,,,,7.098534115357324e-05,0.012901095673441887,0.0003580200718715787,0.0003580200718715787,,,,
276,,,,,7.542017556261271e-05,0.013755650259554386,0.0003816013631876558,0.0003816013631876558,,,,
277,,,,,8.061022526817396e-05,0.014399299398064613,0.00040028756484389305,0.00040028756484389305,,,,
278,,,,,7.124062540242448e-05,0.013634847477078438,0.0003764914581552148,0.0003764914581552148,,,,
279,,,,,7.249938789755106e-05,0.012804976664483547,0.0003563741338439286,0.0003563741338439286,,,,
280,0.00011309215915389359,0.041173502802848816,0.0010858835885301232,0.0010858835885301232,7.536539487773553e-05,0.014038434252142906,0.0003886435297317803,0.0003886435297317803,96.63366336633663,96.66666666666669,3.3095726600060096,2.2753059895833334
281,,,,,7.402562187053263e-05,0.014293388463556767,0.00039434758946299553,0.00039434758946299553,,,,
282,,,,,7.637579983565956e-05,0.014224674552679062,0.0003938047157134861,0.0003938047157134861,,,,
283,,,,,7.249721966218203e-05,0.014953539706766605,0.00041008711559697986,0.00041008711559697986,,,,
284,,,,,7.443017966579646e-05,0.01420656219124794,0.0003923791227862239,0.0003923791227862239,,,,
285,,,,,7.79848123784177e-05,0.014698266983032227,0.00040644913678988814,0.00040644913678988814,,,,
286,,,,,7.54363281885162e-05,0.01491134986281395,0.0004105018451809883,0.0004105018451809883,,,,
287,,,,,8.10897909104824e-05,0.015018940903246403,0.00041601844714023173,0.00041601844714023173,,,,
288,,,,,7.7478340244852e-05,0.014397929422557354,0.0003986874071415514,0.0003986874071415514,,,,
289,,,,,7.948013080749661e-05,0.01566455513238907,0.00043135389569215477,0.00043135389569215477,,,,
290,0.0001119575827033259,0.04073234647512436,0.0010742874583229423,0.0010742874583229423,8.353331941179931e-05,0.01833019033074379,0.0005000214441679418,0.0005000214441679418,96.63366336633663,96.66666666666669,3.2982177734375,2.2625746663411457
291,,,,,7.387670484604314e-05,0.0136392368003726,0.0003779192629735917,0.0003779192629735917,,,,
292,,,,,7.367577927652746e-05,0.014690304175019264,0.00040409548091702163,0.00040409548091702163,,,,
293,,,,,7.590541645186022e-05,0.01395713072270155,0.00038688097265549004,0.00038688097265549004,,,,
294,,,,,7.886350067565218e-05,0.015192333608865738,0.0004192401247564703,0.0004192401247564703,,,,
295,,,,,7.999653462320566e-05,0.016299014911055565,0.0004474735469557345,0.0004474735469557345,,,,
296,,,,,7.604142592754215e-05,0.014428230002522469,0.00039872649358585477,0.00039872649358585477,,,,
297,,,,,7.376040593953803e-05,0.013096277602016926,0.0003642871743068099,0.0003642871743068099,,,,
298,,,,,7.130086305551231e-05,0.013130729086697102,0.0003639187489170581,0.0003639187489170581,,,,
299,,,,,7.67657911637798e-05,0.014559629373252392,0.00040237364009954035,0.00040237364009954035,,,,
300,0.00011414976324886084,0.040944430977106094,0.0010806856444105506,0.0010806856444105506,6.750874308636412e-05,0.011564571410417557,0.00032286864006891847,0.00032286864006891847,96.63366336633663,96.66666666666669,3.2731153048001804,2.234277750651042
301,,,,,7.495581667171791e-05,0.015024477615952492,0.000413089815992862,0.000413089815992862,,,,
302,,,,,7.25073114153929e-05,0.014875967055559158,0.00040815287502482533,0.00040815287502482533,,,,
303,,,,,7.11608154233545e-05,0.012279094196856022,0.0003425577306188643,0.0003425577306188643,,,,
304,,,,,7.036991883069277e-05,0.013006343506276608,0.00036034354707226157,0.00036034354707226157,,,,
305,,,,,7.904040830908343e-05,0.015366489067673683,0.00042368241702206433,0.00042368241702206433,,,,
306,,,,,8.050573524087667e-05,0.015147141180932522,0.00041893136221915483,0.00041893136221915483,,,,
307,,,,,7.283878221642226e-05,0.013108661398291588,0.0003641359508037567,0.0003641359508037567,,,,
308,,,,,7.373465632554144e-05,0.01377920899540186,0.00038134754868224263,0.00038134754868224263,,,,
309,,,,,7.431981066474691e-05,0.013826613314449787,0.0003828252083621919,0.0003828252083621919,,,,
310,0.0001124287664424628,0.041419122368097305,0.0010916924802586436,0.0010916924802586436,7.249745249282569e-05,0.01321178674697876,0.0003665433614514768,0.0003665433614514768,96.63366336633663,96.66666666666669,3.328125,2.2744244384765624
311,,,,,7.524956890847534e-05,0.012855554930865765,0.00035901361843571067,0.00035901361843571067,,,,
312,,,,,7.820792961865664e-05,0.013869866728782654,0.0003858506679534912,0.0003858506679534912,,,,
313,,,,,7.307055784622207e-05,0.014047173783183098,0.0003877146227750927,0.0003877146227750927,,,,
314,,,,,7.464174996130168e-05,0.014663958922028542,0.0004039198684040457,0.0004039198684040457,,,,
315,,,,,7.046630344120786e-05,0.012835866771638393,0.00035612989449873567,0.00035612989449873567,,,,
316,,,,,7.857273885747418e-05,0.015615413896739483,0.00042967169429175556,0.00042967169429175556,,,,
317,,,,,7.587468280689791e-05,0.01393845584243536,0.00038639872218482196,0.00038639872218482196,,,,
318,,,,,7.713469676673412e-05,0.013576123863458633,0.00037797048571519554,0.00037797048571519554,,,,
319,,,,,7.839140016585588e-05,0.014730298891663551,0.0004074531316291541,0.0004074531316291541,,,,
320,0.00011242325854254887,0.04099930450320244,0.0010811942629516125,0.0010811942629516125,7.704049494350329e-05,0.014631886966526508,0.0004043174267280847,0.0004043174267280847,96.63366336633663,96.66666666666669,3.333019550030048,2.2765016682942707
321,,,,,7.094578177202493e-05,0.012859231792390347,0.00035695370752364397,0.00035695370752364397,,,,
322,,,,,7.242879655677825e-05,0.013339237309992313,0.00036969530628994107,0.00036969530628994107,,,,
323,,,,,7.404786447295919e-05,0.01460935827344656,0.00040225795237347484,0.00040225795237347484,,,,
324,,,,,7.265048770932481e-05,0.01416019443422556,0.00039033006760291755,0.00039033006760291755,,,,
325,,,,,7.556429773103446e-05,0.013767233118414879,0.0003819630073849112,0.0003819630073849112,,,,
326,,,,,7.304638711502776e-05,0.01335324626415968,0.0003703543625306338,0.0003703543625306338,,,,
327,,,,,7.539091893704608e-05,0.014965532347559929,0.00041183378198184073,0.00041183378198184073,,,,
328,,,,,7.03353580320254e-05,0.013116555288434029,0.00036308151902630925,0.00036308151902630925,,,,
329,,,,,7.690293568884954e-05,0.014532259665429592,0.0004017579776700586,0.0004017579776700586,,,,
330,0.00011119511327706277,0.04088364914059639,0.0010776887647807598,0.0010776887647807598,7.723218004684895e-05,0.01413925364613533,0.00039209751412272453,0.00039209751412272453,96.63366336633663,96.66666666666669,3.3295624561798878,2.2759747314453125
331,,,,,7.719682616880164e-05,0.015882601961493492,0.00043566341628320515,0.00043566341628320515,,,,
332,,,,,7.445926894433796e-05,0.0163394995033741,0.0004457170725800097,0.0004457170725800097,,,,
333,,,,,7.871607522247359e-05,0.014394556172192097,0.00039922198629938066,0.00039922198629938066,,,,
334,,,,,7.391150575131178e-05,0.014602143317461014,0.00040200940566137433,0.00040200940566137433,,,,
335,,,,,7.191912300186232e-05,0.01345057599246502,0.0003722239925991744,0.0003722239925991744,,,,
336,,,,,7.102945528458804e-05,0.012519127689301968,0.0003484929329715669,0.0003484929329715669,,,,
337,,,,,6.915643461979926e-05,0.01277121715247631,0.000353858747985214,0.000353858747985214,,,,
338,,,,,7.067469414323568e-05,0.012837461195886135,0.00035627387114800513,0.00035627387114800513,,,,
339,,,,,7.852075941627845e-05,0.015246088616549969,0.0004204126016702503,0.0004204126016702503,,,,
340,0.00011159593123011291,0.04050326347351074,0.001068379613570869,0.001068379613570869,7.415451545966789e-05,0.012895814143121243,0.0003594726149458438,0.0003594726149458438,96.63366336633663,96.66666666666669,3.3007745987329726,2.265722452799479
341,,,,,6.95996277499944e-05,0.012373076751828194,0.00034412674722261727,0.00034412674722261727,,,,
342,,,,,7.950949657242745e-05,0.0156729593873024,0.00043157872278243303,0.00043157872278243303,,,,
343,,,,,7.478318002540618e-05,0.014104153960943222,0.00038999543176032603,0.00038999543176032603,,,,
344,,,,,7.372757681878284e-05,0.014569167047739029,0.00040109301335178316,0.00040109301335178316,,,,
345,,,,,7.781490421621129e-05,0.015069590881466866,0.00041564725688658655,0.00041564725688658655,,,,
346,,,,,6.963884516153485e-05,0.013885737396776676,0.00038196283276192844,0.00038196283276192844,,,,
347,,,,,6.864739407319576e-05,0.012727633118629456,0.0003525144711602479,0.0003525144711602479,,,,
348,,,,,6.814552034484223e-05,0.012186309322714806,0.00033873048960231245,0.00033873048960231245,,,,
349,,,,,7.419798203045502e-05,0.014304673299193382,0.00039471578202210367,0.00039471578202210367,,,,
350,0.0001114007318392396,0.0403565838932991,0.0010646149748936296,0.0010646149748936296,7.012993592070416e-05,0.013106449507176876,0.000362726190360263,0.000362726190360263,96.63366336633663,96.66666666666669,3.301861102764423,2.243854777018229
351,,,,,7.541629020124674e-05,0.016509955748915672,0.0004504570097196847,0.0004504570097196847,,,,
352,,,,,7.1324197051581e-05,0.01316507812589407,0.00036478901165537536,0.00036478901165537536,,,,
353,,,,,7.593227201141417e-05,0.014755192212760448,0.00040684593841433525,0.00040684593841433525,,,,
354,,,,,7.327433559112251e-05,0.013196185231208801,0.00036654173163697124,0.00036654173163697124,,,,
355,,,,,6.876964471302927e-05,0.012604078277945518,0.00034948682878166437,0.00034948682878166437,,,,
356,,,,,7.046054088277742e-05,0.012297418899834156,0.0003426657058298588,0.0003426657058298588,,,,
357,,,,,7.256556273205206e-05,0.012931221164762974,0.000359563302481547,0.000359563302481547,,,,
358,,,,,7.677045505261049e-05,0.014418893493711948,0.000398857519030571,0.000398857519030571,,,,
359,,,,,7.386786455754191e-05,0.013633632101118565,0.00037777473335154355,0.00037777473335154355,,,,
360,0.00011159316636621952,0.04141789302229881,0.0010912440484389663,0.0010912440484389663,7.54389475332573e-05,0.014493240043520927,0.00040005051414482296,0.00040005051414482296,96.63366336633663,96.66666666666669,3.3488440880408654,2.2951057942708335
361,,,,,7.307916530407965e-05,0.012990075163543224,0.00036129142972640693,0.00036129142972640693,,,,
362,,,,,7.121460657799616e-05,0.01437203586101532,0.00039490818744525313,0.00039490818744525313,,,,
363,,,,,7.724076567683369e-05,0.015809183940291405,0.00043384998571127653,0.00043384998571127653,,,,
364,,,,,7.587738218717277e-05,0.015485355630517006,0.00042507259058766067,0.00042507259058766067,,,,
365,,,,,7.709216879447922e-05,0.013857734389603138,0.0003849893982987851,0.0003849893982987851,,,,
366,,,,,6.648088310612366e-05,0.011526916176080704,0.0003214133612345904,0.0003214133612345904,,,,
367,,,,,7.09939849912189e-05,0.013280173763632774,0.0003675013722386211,0.0003675013722386211,,,,
368,,,,,6.926203786861151e-05,0.011913430877029896,0.00033246682141907513,0.00033246682141907513,,,,
369,,,,,7.231120980577543e-05,0.01472138799726963,0.0004041903594043106,0.0004041903594043106,,,,
370,0.00011235214333282784,0.041451018303632736,0.0010924515081569552,0.0010924515081569552,7.739291322650388e-05,0.014746095053851604,0.00040734882350079715,0.00040734882350079715,96.63366336633663,96.66666666666669,3.353052775065104,2.300709025065104
371,,,,,7.437357271555811e-05,0.014618887566030025,0.0004026590031571686,0.0004026590031571686,,,,
372,,,,,7.082784577505663e-05,0.013832365162670612,0.0003812230424955487,0.0003812230424955487,,,,
373,,,,,7.263705629156902e-05,0.014399844221770763,0.0003963146300520748,0.0003963146300520748,,,,
374,,,,,7.164283306337893e-05,0.012816954404115677,0.00035624526208266616,0.00035624526208266616,,,,
375,,,,,7.400623144349083e-05,0.0142996646463871,0.00039449476753361523,0.00039449476753361523,,,,
376,,,,,7.316436676774174e-05,0.014122113585472107,0.00038963500992394984,0.00038963500992394984,,,,
377,,,,,7.615883805556223e-05,0.014654530212283134,0.00040444268961437047,0.00040444268961437047,,,,
378,,,,,6.640353967668489e-05,0.011396229267120361,0.00031810757354833186,0.00031810757354833186,,,,
379,,,,,6.994498107815161e-05,0.013343870639801025,0.0003685693081934005,0.0003685693081934005,,,,
380,0.00011213987454539165,0.0416034497320652,0.001096156076528132,0.001096156076528132,7.001748599577695e-05,0.012297064065933228,0.00034243534901179373,0.00034243534901179373,96.63366336633663,96.66666666666669,3.368005605844351,2.3206020100911458
381,,,,,7.096389890648425e-05,0.012760857120156288,0.0003545033687260002,0.0003545033687260002,,,,
382,,,,,7.092089072102681e-05,0.012995394878089428,0.000360345293302089,0.000360345293302089,,,,
383,,,,,7.267984619829804e-05,0.01354921329766512,0.0003750703181140125,0.0003750703181140125,,,,
384,,,,,6.529578968184069e-05,0.011843597516417503,0.00032873786403797567,0.00032873786403797567,,,,
385,,,,,6.922013562871143e-05,0.012775471433997154,0.0003539968456607312,0.0003539968456607312,,,,
386,,,,,6.578579632332548e-05,0.011941617354750633,0.000331433373503387,0.000331433373503387,,,,
387,,,,,6.96073766448535e-05,0.012874320149421692,0.0003566617670003325,0.0003566617670003325,,,,
388,,,,,7.359770097536966e-05,0.014825001358985901,0.0004074239113833755,0.0004074239113833755,,,,
389,,,,,7.01542230672203e-05,0.013384994119405746,0.0003697019419632852,0.0003697019419632852,,,,
390,0.00011215137783437967,0.040425147861242294,0.0010667043970897794,0.0010667043970897794,7.341975287999958e-05,0.01303869392722845,0.00036267717950977385,0.00036267717950977385,96.63366336633663,96.66666666666669,3.2529224493564706,2.22210205078125
391,,,,,7.071378058753908e-05,0.013896044343709946,0.0003827579494100064,0.0003827579494100064,,,,
392,,,,,6.845469033578411e-05,0.012769225053489208,0.00035345798823982477,0.00035345798823982477,,,,
393,,,,,7.417380402330309e-05,0.01345914602279663,0.00037356550456024706,0.00037356550456024706,,,,
394,,,,,6.820113776484504e-05,0.013446109369397163,0.00037025331403128803,0.00037025331403128803,,,,
395,,,,,7.755588740110397e-05,0.014074128121137619,0.00039063114672899246,0.00039063114672899246,,,,
396,,,,,7.035725138848647e-05,0.013232991099357605,0.00036600339808501303,0.00036600339808501303,,,,
397,,,,,7.442637433996424e-05,0.014662684872746468,0.00040378031553700566,0.00040378031553700566,,,,
398,,,,,6.639640923822299e-05,0.011681334115564823,0.0003252315509598702,0.0003252315509598702,,,,
399,,,,,6.898122956044972e-05,0.012377206236124039,0.0003439208085183054,0.0003439208085183054,,,,
400,0.00011243053450016305,0.041357968002557755,0.0010901644127443433,0.0010901644127443433,6.821282295277342e-05,0.012692581862211227,0.0003514209820423275,0.0003514209820423275,96.63366336633663,96.66666666666669,3.3289810571915064,2.27501953125
401,,,,,6.763247802155092e-05,0.012696628458797932,0.00035123195266351104,0.00035123195266351104,,,,
402,,,,,6.872593075968325e-05,0.012856247834861279,0.00035576921072788537,0.00035576921072788537,,,,
403,,,,,7.036897295620292e-05,0.01281675137579441,0.0003556032897904515,0.0003556032897904515,,,,
404,,,,,7.228206959553063e-05,0.013176316395401955,0.0003655489708762616,0.0003655489708762616,,,,
405,,,,,7.166902651078999e-05,0.013516021892428398,0.00037373509258031845,0.00037373509258031845,,,,
406,,,,,6.885918992338702e-05,0.013256872072815895,0.0003658513887785375,0.0003658513887785375,,,,
407,,,,,6.730288441758603e-05,0.012985355220735073,0.0003582853532861918,0.0003582853532861918,,,,
408,,,,,6.799729453632608e-05,0.013093391433358192,0.0003613334847614169,0.0003613334847614169,,,,
409,,,,,7.17567527317442e-05,0.012940888293087482,0.00035940061206929386,0.00035940061206929386,,,,
410,0.0001107204079744406,0.04090544208884239,0.0010779962176457047,0.0010779962176457047,7.165711576817557e-05,0.014054849743843079,0.00038719980511814356,0.00038719980511814356,96.63366336633663,96.66666666666669,3.352618095202324,2.2985825602213543
411,,,,,7.474287849618122e-05,0.01504568476229906,0.00041351356776431203,0.00041351356776431203,,,,
412,,,,,6.789704639231786e-05,0.011226530186831951,0.00031461179605685174,0.00031461179605685174,,,,
413,,,,,7.226401066873223e-05,0.013340135104954243,0.0003696354106068611,0.0003696354106068611,,,,
414,,,,,7.043236109893769e-05,0.013082181103527546,0.00036227068630978465,0.00036227068630978465,,,,
415,,,,,7.367052603513002e-05,0.01462747436016798,0.00040252215694636106,0.00040252215694636106,,,,
416,,,,,6.749354361090809e-05,0.012555379420518875,0.00034763122675940394,0.00034763122675940394,,,,
417,,,,,7.016539166215807e-05,0.013460928574204445,0.00037160588544793427,0.00037160588544793427,,,,
418,,,,,6.746712460881099e-05,0.011436241678893566,0.0003196396282874048,0.0003196396282874048,,,,
419,,,,,7.339914736803621e-05,0.013493871316313744,0.00037404641625471413,0.00037404641625471413,,,,
420,0.00011079167597927153,0.040660034865140915,0.0010718966368585825,0.0010718966368585825,6.967173248995095e-05,0.013361567631363869,0.0003688750439323485,0.0003688750439323485,96.63366336633663,96.66666666666669,3.2933279184194713,2.238694864908854
421,,,,,6.744996790075675e-05,0.013564730063080788,0.00037284320569597185,0.00037284320569597185,,,,
422,,,,,7.597115472890437e-05,0.014329012483358383,0.00039621087489649653,0.00039621087489649653,,,,
423,,,,,7.1657334046904e-05,0.013500029221177101,0.0003733293851837516,0.0003733293851837516,,,,
424,,,,,6.998810567893088e-05,0.012575744651257992,0.0003493876720312983,0.0003493876720312983,,,,
425,,,,,6.706763815600425e-05,0.012331887148320675,0.0003418309788685292,0.0003418309788685292,,,,
426,,,,,7.413412095047534e-05,0.014352421276271343,0.0003958776069339365,0.0003958776069339365,,,,
427,,,,,6.304784619715065e-05,0.01156915258616209,0.00032075276249088347,0.00032075276249088347,,,,
428,,,,,7.285395258804783e-05,0.013814151287078857,0.0003817807591985911,0.0003817807591985911,,,,
429,,,,,6.130561814643443e-05,0.011848462745547295,0.00032686436315998435,0.00032686436315998435,,,,
430,0.0001099852379411459,0.04068785533308983,0.00107218895573169,0.00107218895573169,7.530683069489896e-05,0.01458665169775486,0.0004023197398055345,0.0004023197398055345,96.63366336633663,96.66666666666669,3.3453126565004005,2.2885121663411456
431,,,,,7.227752939797938e-05,0.013260072097182274,0.00036764060496352613,0.00036764060496352613,,,,
432,,,,,7.35088688088581e-05,0.014564226381480694,0.00040086015360429883,0.00040086015360429883,,,,
433,,,,,7.325081969611347e-05,0.014840980991721153,0.0004076500190421939,0.0004076500190421939,,,,
434,,,,,6.973338895477355e-05,0.0118930758908391,0.00033219356555491686,0.00033219356555491686,,,,
435,,,,,6.70479639666155e-05,0.011522294953465462,0.00032158129033632576,0.00032158129033632576,,,,
436,,,,,7.359206210821867e-05,0.01368152629584074,0.00037883420009166,0.00037883420009166,,,,
437,,,,,6.933414988452569e-05,0.012785349041223526,0.0003543008351698518,0.0003543008351698518,,,,
438,,,,,6.476502312580124e-05,0.011766894720494747,0.0003265549021307379,0.0003265549021307379,,,,
439,,,,,7.563691178802401e-05,0.015495296567678452,0.00042520088027231395,0.00042520088027231395,,,,
440,0.00011044671555282548,0.040068332105875015,0.0010569316800683737,0.0010569316800683737,6.479679723270237e-05,0.011518696323037148,0.00032036579796113074,0.00032036579796113074,96.63366336633663,96.66666666666669,3.281742193760016,2.246212361653646
441,,,,,6.824036972830072e-05,0.013905354775488377,0.00038175410008989275,0.00038175410008989275,,,,
442,,,,,6.776369991712272e-05,0.012492588721215725,0.00034619661164470017,0.00034619661164470017,,,,
443,,,,,6.583733920706436e-05,0.01199234090745449,0.0003327271551825106,0.0003327271551825106,,,,
444,,,,,7.323666795855388e-05,0.015249506570398808,0.0004178559756837785,0.0004178559756837785,,,,
445,,,,,7.035645830910653e-05,0.013794471509754658,0.0003800400299951434,0.0003800400299951434,,,,
446,,,,,6.969152309466153e-05,0.013751075603067875,0.00037862264434807,0.00037862264434807,,,,
447,,,,,6.798389949835837e-05,0.01199743989855051,0.00033392797922715545,0.00033392797922715545,,,,
448,,,,,6.4992877014447e-05,0.011473843827843666,0.000319342507282272,0.000319342507282272,,,,
449,,,,,6.583202048204839e-05,0.012037551030516624,0.00033385478309355676,0.00033385478309355676,,,,
450,0.00011082083074143156,0.04060870409011841,0.0010706280590966344,0.0010706280590966344,7.176790677476674e-05,0.012881928123533726,0.00035793212009593844,0.00035793212009593844,96.63366336633663,96.66666666666669,3.3242156199919872,2.267001953125
451,,,,,6.898930587340146e-05,0.013639155775308609,0.0003754735516849905,0.0003754735516849905,,,,
452,,,,,7.305439066840336e-05,0.014177040196955204,0.0003909532679244876,0.0003909532679244876,,,,
453,,,,,6.979353202041239e-05,0.012981953099370003,0.0003594456356950104,0.0003594456356950104,,,,
454,,,,,7.021603232715279e-05,0.015331464819610119,0.0004183946584817022,0.0004183946584817022,,,,
455,,,,,6.51324080536142e-05,0.01236314233392477,0.0003416448016650975,0.0003416448016650975,,,,
456,,,,,6.919859879417345e-05,0.012880254536867142,0.00035660568391904235,0.00035660568391904235,,,,
457,,,,,7.560365338576958e-05,0.014209672808647156,0.00039304367965087295,0.00039304367965087295,,,,
458,,,,,6.388589827110991e-05,0.012847814708948135,0.0003531383699737489,0.0003531383699737489,,,,
459,,,,,7.010724220890552e-05,0.012969156727194786,0.00035928256693296134,0.00035928256693296134,,,,
460,0.00011046317376894876,0.04102317988872528,0.0010808110237121582,0.0010808110237121582,6.871250661788508e-05,0.012126396410167217,0.0003375161613803357,0.0003375161613803357,96.63366336633663,96.66666666666669,3.320378230168269,2.26556396484375
461,,,,,6.465146725531667e-05,0.012461865320801735,0.0003438723215367645,0.0003438723215367645,,,,
462,,,,,6.614499579882249e-05,0.013156351633369923,0.00036198130692355335,0.00036198130692355335,,,,
463,,,,,6.567175296368077e-05,0.012201453559100628,0.00033787221764214337,0.00033787221764214337,,,,
464,,,,,6.691770977340639e-05,0.012006217613816261,0.00033361429814249277,0.00033361429814249277,,,,
465,,,,,7.160231325542554e-05,0.013815319165587425,0.000381184188881889,0.000381184188881889,,,,
466,,,,,7.213258504634723e-05,0.013863240368664265,0.00038264738395810127,0.00038264738395810127,,,,
467,,,,,6.775268411729485e-05,0.0119741540402174,0.00033323015668429434,0.00033323015668429434,,,,
468,,,,,6.766756996512413e-05,0.011613513343036175,0.000324171589454636,0.000324171589454636,,,,
469,,,,,6.902444147272035e-05,0.013928529806435108,0.0003827255277428776,0.0003827255277428776,,,,
470,0.00010917986946878955,0.04011421650648117,0.001057445420883596,0.001057445420883596,6.90106680849567e-05,0.014704527333378792,0.00040211857412941754,0.00040211857412941754,96.63366336633663,96.66666666666669,3.2841370411408253,2.2464951578776042
471,,,,,6.714445044053718e-05,0.0130404531955719,0.0003595835587475449,0.0003595835587475449,,,,
472,,,,,6.892102101119235e-05,0.012423926033079624,0.0003450586518738419,0.0003450586518738419,,,,
473,,,,,7.548461871920153e-05,0.013724180869758129,0.000380846846383065,0.000380846846383065,,,,
474,,,,,6.941825995454565e-05,0.012914450839161873,0.00035757041769102216,0.00035757041769102216,,,,
475,,,,,6.450783257605508e-05,0.012158486992120743,0.0003362161514814943,0.0003362161514814943,,,,
476,,,,,6.493086402770132e-05,0.013090129941701889,0.0003597186878323555,0.0003597186878323555,,,,
477,,,,,6.46672779112123e-05,0.01302347518503666,0.00035792047856375575,0.00035792047856375575,,,,
478,,,,,6.093898628023453e-05,0.011642169207334518,0.00032152372295968235,0.00032152372295968235,,,,
479,,,,,6.947381916688755e-05,0.014066332951188087,0.0003863952006213367,0.0003863952006213367,,,,
480,0.00010974452743539587,0.04012707620859146,0.0010580491507425904,0.0010580491507425904,6.583190406672657e-05,0.011248966678977013,0.0003141401393804699,0.0003141401393804699,96.63366336633663,96.66666666666669,3.2843240591195912,2.246781412760417
481,,,,,6.80050507071428e-05,0.012841443531215191,0.00035503861727193,0.00035503861727193,,,,
482,,,,,6.943661719560623e-05,0.013245834037661552,0.0003658641071524471,0.0003658641071524471,,,,
483,,,,,6.678196223219857e-05,0.0130198048427701,0.0003588861145544797,0.0003588861145544797,,,,
484,,,,,6.529833626700565e-05,0.011646511033177376,0.0003238119825255126,0.0003238119825255126,,,,
485,,,,,7.435127918142825e-05,0.014075297862291336,0.00038905805558897555,0.00038905805558897555,,,,
486,,,,,6.605796079384163e-05,0.012974973767995834,0.00035740333260037005,0.00035740333260037005,,,,
487,,,,,6.80767698213458e-05,0.013486244715750217,0.0003711944737005979,0.0003711944737005979,,,,
488,,,,,6.39843856333755e-05,0.011733059771358967,0.0003253186878282577,0.0003253186878282577,,,,
489,,,,,6.408177432604134e-05,0.012556379660964012,0.0003459503932390362,0.0003459503932390362,,,,
490,0.0001095040570362471,0.0405244417488575,0.0010678630787879229,0.0010678630787879229,7.227787864394486e-05,0.014174980111420155,0.0003905134799424559,0.0003905134799424559,96.63366336633663,96.66666666666669,3.2942950908954325,2.259351806640625
491,,,,,6.866810872452334e-05,0.013756983913481236,0.0003782586718443781,0.0003782586718443781,,,,
492,,,,,6.877331907162443e-05,0.013193536549806595,0.00036422506673261523,0.00036422506673261523,,,,
493,,,,,6.1243430536706e-05,0.011232794262468815,0.0003114415449090302,0.0003114415449090302,,,,
494,,,,,6.892811506986618e-05,0.012156128883361816,0.0003383672737982124,0.0003383672737982124,,,,
495,,,,,6.469366053352132e-05,0.01218242384493351,0.0003369074547663331,0.0003369074547663331,,,,
496,,,,,6.748909072484821e-05,0.01368118729442358,0.0003757741942536086,0.0003757741942536086,,,,
497,,,,,6.890295480843633e-05,0.012093037366867065,0.0003367774479556829,0.0003367774479556829,,,,
498,,,,,6.82805257383734e-05,0.013329697772860527,0.000367382715921849,0.000367382715921849,,,,
499,,,,,6.44112442387268e-05,0.011740254238247871,0.00032571199699305,0.00032571199699305,,,,
500,0.00010919262422248721,0.04065493866801262,0.0010709698544815183,0.0010709698544815183,6.266039417823777e-05,0.011408141814172268,0.0003165337548125535,0.0003165337548125535,96.63366336633663,96.66666666666669,3.3111212314703526,2.2723455810546875
501,,,,,7.200906838988885e-05,0.01345411129295826,0.0003723573172464967,0.0003723573172464967,,,,
502,,,,,6.770703475922346e-05,0.012486385181546211,0.00034601319930516183,0.00034601319930516183,,,,
503,,,,,6.413606752175838e-05,0.012430112808942795,0.00034282085835002363,0.00034282085835002363,,,,
504,,,,,6.57952405163087e-05,0.01195596531033516,0.00033179676393046975,0.00033179676393046975,,,,
505,,,,,6.624025263590738e-05,0.011523432098329067,0.0003212059964425862,0.0003212059964425862,,,,
